{
  "parent": "minecraft:recipes/root",
  "criteria": {
    "has_the_recipe": {
      "conditions": {
        "recipe": "createcybernetics:titaniumnugget_from_titaniumingot"
      },
      "trigger": "minecraft:recipe_unlocked"
    },
    "has_titaniumingot": {
      "conditions": {
        "items": [
          {
            "items": "createcybernetics:titaniumingot"
          }
        ]
      },
      "trigger": "minecraft:inventory_changed"
    }
  },
  "requirements": [
    [
      "has_the_recipe",
      "has_titaniumingot"
    ]
  ],
  "rewards": {
    "recipes": [
      "createcybernetics:titaniumnugget_from_titaniumingot"
    ]
  }
}